timestamp	cycle	candidate_commit	anchor_commit	release_id	decision	accepted	validity_reason	train_timestamp	train_mean_rel_steps	train_improvement_vs_anchor	train_mean_rel_energy	train_max_final_energy_delta_kcal_mol	train_duration_s	train_converged_count	train_molecule_count	train_converged_fraction	train_internal_error_count	train_infrastructure_retries	train_is_valid	train_validity_reason	train_stop_reason_counts	train_evaluation_id	train_program_id	train_evaluation_log	train_evaluation_json	valid_timestamp	valid_mean_rel_steps	valid_improvement_vs_anchor	valid_mean_rel_energy	valid_max_final_energy_delta_kcal_mol	valid_duration_s	valid_converged_count	valid_molecule_count	valid_converged_fraction	valid_internal_error_count	valid_infrastructure_retries	valid_is_valid	valid_validity_reason	valid_stop_reason_counts	valid_evaluation_id	valid_program_id	valid_evaluation_log	valid_evaluation_json	anchor_train_mean_rel_steps	anchor_valid_mean_rel_steps	anchor_train_evaluation_json	anchor_valid_evaluation_json	anchor_train_evaluation_id	anchor_valid_evaluation_id	description
2026-09-16T13:54:33Z	1	62ff882376f00637eae97beb66cbee96274c8a38	62ff882376f00637eae97beb66cbee96274c8a38	main-f59f2b89a-gfn2-v1	anchor	1	complete valid starting train/valid anchor; no improvement claim	2026-09-16T16:53:37+03:00	1.0		1.0000000000000049	0.0	95.06332018226385	469	469	1.0	0	0	1		"{""converged"":469}"	ee46bb9e3c2e47fda01c290fbaad87da	a1df4000351c4c85a9b239c39966f5c87589b68a9da4a00b7b106b63983a1e3a	/workspace/anchors/train.json	/workspace/anchors/train.json	2026-09-16T16:54:28+03:00	1.0		0.9999999999999895	0.0	43.52159407362342	465	465	1.0	0	0	1		"{""converged"":465}"	ff95b9de79ba411ca0e4871058aa67ac	a1df4000351c4c85a9b239c39966f5c87589b68a9da4a00b7b106b63983a1e3a	/workspace/anchors/valid.json	/workspace/anchors/valid.json							Fresh starting anchor
2026-09-16T14:20:41Z	3	13cbc5cca5ed795a1793d0eb993a685d1e0dec4b	62ff882376f00637eae97beb66cbee96274c8a38	main-f59f2b89a-gfn2-v1	keep	1	train improvement >= 1e-4; valid improvement > 1e-4; both evaluations valid	2026-09-16T17:19:31+03:00	0.9388773400125998	0.0611226599874002	1.0000847884630484	3.2981575291394734	42.092468071728945	469	469	1.0	0	0	1		"{""converged"":469}"	162f84e0677c4f6f83ed1d9c92cb3ea1	c3977467815452f1506338b0056ec2701bb3e1259ff9ae885978ba9c417ce794	/workspace/evaluation_results/cycle-3-train.json	/workspace/evaluation_results/cycle-3-train.json	2026-09-16T17:20:35+03:00	0.9599734253595049	0.0400265746404951	1.0056481852042278	10.030145946443875	32.622514709830284	465	465	1.0	0	0	1		"{""converged"":465}"	d96038c965ab481092aaaa24dee58c6a	c3977467815452f1506338b0056ec2701bb3e1259ff9ae885978ba9c417ce794	/workspace/evaluation_results/cycle-3-valid.json	/workspace/evaluation_results/cycle-3-valid.json	1.0	1.0	/workspace/anchors/train.json	/workspace/anchors/valid.json	ee46bb9e3c2e47fda01c290fbaad87da	ff95b9de79ba411ca0e4871058aa67ac	Sella allow_fragments=True with contact-derived guess curvature for fragment translation/rotation coordinates (sum of Almlof pseudo-bond curvatures over inter-fragment pairs projected on rigid-body motion)
2026-09-16T15:25:11Z	9	19f0b01645625b416beed9a66fbae55bf58b6d49	13cbc5cca5ed795a1793d0eb993a685d1e0dec4b	main-f59f2b89a-gfn2-v1	keep	1	train improvement >= 1e-4; valid improvement > 1e-4; both evaluations valid	2026-09-16T18:23:55+03:00	0.9099350911650395	0.0289422488475603	1.0001029381920095	38.005651312460465	34.41835931316018	469	469	1.0	0	0	1		"{""converged"":469}"	9a0ce69315dd42e288e9ff6b1cce153a	f9a79512ae5a91c34a7362b7b08af5b9d7517f1892e550c86d8bd4bb314470b2	/workspace/evaluation_results/cycle-9-train.json	/workspace/evaluation_results/cycle-9-train.json	2026-09-16T18:24:46+03:00	0.9338922801587212	0.0260811452007837	1.0071674688467225	10.030185184612067	31.48681914061308	465	465	1.0	0	0	1		"{""converged"":465}"	bdeb5cf50b304c428a44870452780414	f9a79512ae5a91c34a7362b7b08af5b9d7517f1892e550c86d8bd4bb314470b2	/workspace/evaluation_results/cycle-9-valid.json	/workspace/evaluation_results/cycle-9-valid.json	0.9388773400125998	0.9599734253595049	/workspace/evaluation_results/cycle-3-train.json	/workspace/evaluation_results/cycle-3-valid.json	162f84e0677c4f6f83ed1d9c92cb3ea1	d96038c965ab481092aaaa24dee58c6a	Torsion-redundancy repair 2: Fischer-Almlof torsional guess shared by 1/sqrt(n) over the redundant proper dihedrals of a bond and scaled by the bond-order factor exp(-Ct(r-rcov)/Bohr); improper dihedrals keep the plain constant; + dummy-index repair of _h0_fragment
2026-09-16T15:43:36Z	10	9d64f8b2809b7b9b878b18de1d8afc39a66fa40d	19f0b01645625b416beed9a66fbae55bf58b6d49	main-f59f2b89a-gfn2-v1	keep	1	train improvement >= 1e-4; valid improvement > 1e-4; both evaluations valid	2026-09-16T18:40:49+03:00	0.9049710172395679	0.0049640739254716	1.0001322372858397	38.005350672667284	37.604284189641476	469	469	1.0	0	0	1		"{""converged"":469}"	71a115ea593347e8bb76e46752995a2d	f0a81a5dd8c1c36f158bbb08fe976421f53755e9829ee4acc44191b55e4f2fa6	/workspace/evaluation_results/cycle-10-train.json	/workspace/evaluation_results/cycle-10-train.json	2026-09-16T18:42:37+03:00	0.9218204418730966	0.0120718382856246	1.0076328969127932	10.030202955682922	41.83104606345296	465	465	1.0	0	0	1		"{""converged"":465}"	dd2cae46930a474a843d60d4a825feb0	f0a81a5dd8c1c36f158bbb08fe976421f53755e9829ee4acc44191b55e4f2fa6	/workspace/evaluation_results/cycle-10-valid.json	/workspace/evaluation_results/cycle-10-valid.json	0.9099350911650395	0.9338922801587212	/workspace/evaluation_results/cycle-9-train.json	/workspace/evaluation_results/cycle-9-valid.json	9a0ce69315dd42e288e9ff6b1cce153a	bdeb5cf50b304c428a44870452780414	halve the Fischer-Almlof bend guess to valence force-field magnitude (angle-valence-scale)
2026-09-16T16:03:11Z	13	9c106c78fda1a4fcf8ec5a5d863bd5a770ca0d30	9d64f8b2809b7b9b878b18de1d8afc39a66fa40d	main-f59f2b89a-gfn2-v1	keep	1	train improvement >= 1e-4; valid improvement > 1e-4; both evaluations valid	2026-09-16T18:59:19+03:00	0.8844993642065584	0.0204716530330095	1.0004779208967716	38.005336917657225	56.37132313847542	469	469	1.0	0	0	1		"{""converged"":469}"	a30bfd3f6b044b89a36c5129b50a13b3	514cf353ff1e9b0148836ed0e384799cad7ba09ccdec7359cc4e6737ab27e45f	/workspace/evaluation_results/cycle-13-train.json	/workspace/evaluation_results/cycle-13-train.json	2026-09-16T19:03:05+03:00	0.8936084115255032	0.0282120303475934	1.0077999426586708	10.030146134697105	35.257977683097124	465	465	1.0	0	0	1		"{""converged"":465}"	7f0fa4abd934431f9284e1d6008f280c	514cf353ff1e9b0148836ed0e384799cad7ba09ccdec7359cc4e6737ab27e45f	/workspace/evaluation_results/cycle-13-valid.json	/workspace/evaluation_results/cycle-13-valid.json	0.9049710172395679	0.9218204418730966	/workspace/evaluation_results/cycle-10-train.json	/workspace/evaluation_results/cycle-10-valid.json	71a115ea593347e8bb76e46752995a2d	dd2cae46930a474a843d60d4a825feb0	limited-memory multi-secant TS-BFGS update with quadratic-consistency filter (repair 1 of multi-secant-update)
2026-09-16T18:53:07Z	21	630dd79df90bd3681e846ca2de6ef318667f4f46	9c106c78fda1a4fcf8ec5a5d863bd5a770ca0d30	main-f59f2b89a-gfn2-v1	keep	1	train improvement >= 1e-4; valid improvement > 1e-4; both evaluations valid	2026-09-16T21:51:37+03:00	0.8749173672910368	0.0095819969155216	1.0000992272698948	38.005304243244474	65.81249901279807	469	469	1.0	0	0	1		"{""converged"":469}"	a7bab73733bf45b2a080dafd8db2e8dd	c2e880b525e1c7c9926d90cf72671567428f587cd8a88e0f0a0a9652da6bb979	/workspace/evaluation_results/cycle-21-train.json	/workspace/evaluation_results/cycle-21-train.json	2026-09-16T21:52:59+03:00	0.8861966417418278	0.0074117697836754	1.0076325522729292	10.030146134697105	34.48878697678447	465	465	1.0	0	0	1		"{""converged"":465}"	7944103de42d4be6a0f9445281af4376	c2e880b525e1c7c9926d90cf72671567428f587cd8a88e0f0a0a9652da6bb979	/workspace/evaluation_results/cycle-21-valid.json	/workspace/evaluation_results/cycle-21-valid.json	0.8844993642065584	0.8936084115255032	/workspace/evaluation_results/cycle-13-train.json	/workspace/evaluation_results/cycle-13-valid.json	a30bfd3f6b044b89a36c5129b50a13b3	7f0fa4abd934431f9284e1d6008f280c	growth-only trust radius (x1.5 for rho > 0.75, cap 0.5, x0.5 shrink on failure) for connected single-fragment systems; multi-fragment systems keep Sella's policy
2026-09-16T19:02:04Z	22	a277fc1cbf2ebec46359133c7228210d71338a9d	630dd79df90bd3681e846ca2de6ef318667f4f46	main-f59f2b89a-gfn2-v1	keep	1	train improvement >= 1e-4; valid improvement > 1e-4; both evaluations valid	2026-09-16T22:00:18+03:00	0.8658180797982375	0.0090992874927993	1.0005088418948287	38.005304243244474	94.31114643067122	469	469	1.0	0	0	1		"{""converged"":469}"	e2cb5469b28f4d76acc922eb1b6a966f	48db66b3bca6b2cbb445bd037412c39efadc86189f4af0e791748ea6cce9caf1	/workspace/evaluation_results/cycle-22-train.json	/workspace/evaluation_results/cycle-22-train.json	2026-09-16T22:01:58+03:00	0.8829537177212675	0.0032429240205603	1.0091606361590666	10.030244735264507	86.00269743800163	465	465	1.0	0	0	1		"{""converged"":465}"	7ddbf17ed37f43a29da86eae10025ccc	48db66b3bca6b2cbb445bd037412c39efadc86189f4af0e791748ea6cce9caf1	/workspace/evaluation_results/cycle-22-valid.json	/workspace/evaluation_results/cycle-22-valid.json	0.8749173672910368	0.8861966417418278	/workspace/evaluation_results/cycle-21-train.json	/workspace/evaluation_results/cycle-21-valid.json	a7bab73733bf45b2a080dafd8db2e8dd	7944103de42d4be6a0f9445281af4376	textbook trust-radius policy (x1.5 growth for rho > 0.75, x0.5 shrink on failure) for all systems, cap 0.5 for connected and 0.25 for multi-fragment systems
2026-09-16T20:10:03Z	28	291e48613748fb810ddabc67fb393ee65f2946a3	a277fc1cbf2ebec46359133c7228210d71338a9d	main-f59f2b89a-gfn2-v1	keep	1	train improvement >= 1e-4; valid improvement > 1e-4; both evaluations valid	2026-09-16T23:08:46+03:00	0.8547637906801737	0.0110542891180638	1.0010525185483257	3.2981568828052374	33.61336134374142	469	469	1.0	0	0	1		"{""converged"":469}"	7e98ad43caf041dd9ffb3945b180eb78	c31869750fa085b2959ab485b2457403a5fec78e75725921af262931e1e909d0	/workspace/evaluation_results/cycle-28-train.json	/workspace/evaluation_results/cycle-28-train.json	2026-09-16T23:09:33+03:00	0.865439811501611	0.0175139062196565	1.0093660051363695	10.030244735264507	32.49932887405157	465	465	1.0	0	0	1		"{""converged"":465}"	5e4cdc96837545a3b7f8910a7d250ee7	c31869750fa085b2959ab485b2457403a5fec78e75725921af262931e1e909d0	/workspace/evaluation_results/cycle-28-valid.json	/workspace/evaluation_results/cycle-28-valid.json	0.8658180797982375	0.8829537177212675	/workspace/evaluation_results/cycle-22-train.json	/workspace/evaluation_results/cycle-22-valid.json	e2cb5469b28f4d76acc922eb1b6a966f	7ddbf17ed37f43a29da86eae10025ccc	internal trust region also bounds the linearised max atomic displacement (Binv @ s) to 2 x delta for connected systems, with the 0.25 initial radius of cycle 27
2026-09-16T22:03:58Z	34	eacac3d65ab9dc5b36840c4d9c3ff0624a61531d	291e48613748fb810ddabc67fb393ee65f2946a3	main-f59f2b89a-gfn2-v1	keep	1	train improvement >= 1e-4; valid improvement > 1e-4; both evaluations valid	2026-09-17T01:03:06+03:00	0.8468547805044847	0.0079090101756890	1.0013103673825385	3.2981568828052374	36.36804332584143	469	469	1.0	0	0	1		"{""converged"":469}"	f1a90657e8694b3c986c57a17085d4b9	90619885a6e2416fe3e9b4151d704563f5be345067fea0255a1d1de0aebf81c9	/workspace/evaluation_results/cycle-34-train.json	/workspace/evaluation_results/cycle-34-train.json	2026-09-17T01:03:51+03:00	0.8524317103716358	0.0130081011299752	1.0095604931888644	10.030133741386688	33.76649374514818	465	465	1.0	0	0	1		"{""converged"":465}"	f70f297b74dd477f81a19078dedf7131	90619885a6e2416fe3e9b4151d704563f5be345067fea0255a1d1de0aebf81c9	/workspace/evaluation_results/cycle-34-valid.json	/workspace/evaluation_results/cycle-34-valid.json	0.8547637906801737	0.865439811501611	/workspace/evaluation_results/cycle-28-train.json	/workspace/evaluation_results/cycle-28-valid.json	7e98ad43caf041dd9ffb3945b180eb78	5e4cdc96837545a3b7f8910a7d250ee7	non-local contact curvature in the guess Hessian: Lindh-style pair term (Fischer-Almlof stretch curvature for same-fragment atom pairs at graph distance >= 5 within 3 A of their covalent-radius sum) mapped onto the internal coordinates through the pseudo-inverse Jacobian
2026-09-16T22:18:20Z	35	fc3407d8ecc67de5fe3a9a7ad64eaf6d6f3bad56	eacac3d65ab9dc5b36840c4d9c3ff0624a61531d	main-f59f2b89a-gfn2-v1	keep	1	train improvement >= 1e-4; valid improvement > 1e-4; both evaluations valid	2026-09-17T01:17:34+03:00	0.8324970924470027	0.0143576880574820	1.0006651397274642	3.2981568828052374	30.610494047403336	469	469	1.0	0	0	1		"{""converged"":469}"	7251b95c87de49f9838df92da65ee06f	bdfcd8210f172fabee8e2d0b1e1d89320795948b2df1bf3b919fa1f5c56b066d	/workspace/evaluation_results/cycle-35-train.json	/workspace/evaluation_results/cycle-35-train.json	2026-09-17T01:18:14+03:00	0.8397485721260104	0.0126831382456254	1.0094169915701996	10.03017035029091	31.520562332123518	465	465	1.0	0	0	1		"{""converged"":465}"	93e6f09374ac44cc8dc0461332ad3a64	bdfcd8210f172fabee8e2d0b1e1d89320795948b2df1bf3b919fa1f5c56b066d	/workspace/evaluation_results/cycle-35-valid.json	/workspace/evaluation_results/cycle-35-valid.json	0.8468547805044847	0.8524317103716358	/workspace/evaluation_results/cycle-34-train.json	/workspace/evaluation_results/cycle-34-valid.json	f1a90657e8694b3c986c57a17085d4b9	f70f297b74dd477f81a19078dedf7131	geometry-tracked non-local contact term: before every secant update the analytic contact curvature of the model Hessian is moved from the previous to the current geometry (H <- H + A(x) - A(x_prev)), so contacts and intramolecular hydrogen bonds that form while a molecule folds enter the model at once
2026-09-16T23:21:27Z	37	3ca2b9dd7c07605f17b891694e506742d101e5a6	fc3407d8ecc67de5fe3a9a7ad64eaf6d6f3bad56	main-f59f2b89a-gfn2-v1	keep	1	train improvement >= 1e-4; valid improvement > 1e-4; both evaluations valid	2026-09-17T02:20:27+03:00	0.8274667738859557	0.0050303185610470	1.0008979949620844	3.2981568828052374	32.753649700433016	469	469	1.0	0	0	1		"{""converged"":469}"	a9c4f19458a640088df3d2ba085390dc	9863bcf3a091b8dce41d2fb0bdd3fee5a074d59e62449767634008463e76ffde	/workspace/evaluation_results/cycle-37-train.json	/workspace/evaluation_results/cycle-37-train.json	2026-09-17T02:21:17+03:00	0.8379439984323797	0.0018045736936307	1.0093900453116436	10.03017035029091	31.808572374284267	465	465	1.0	0	0	1		"{""converged"":465}"	0d288340dd2c4df68d6b4a3a10ff75af	9863bcf3a091b8dce41d2fb0bdd3fee5a074d59e62449767634008463e76ffde	/workspace/evaluation_results/cycle-37-valid.json	/workspace/evaluation_results/cycle-37-valid.json	0.8324970924470027	0.8397485721260104	/workspace/evaluation_results/cycle-35-train.json	/workspace/evaluation_results/cycle-35-valid.json	7251b95c87de49f9838df92da65ee06f	93e6f09374ac44cc8dc0461332ad3a64	class-resolved torsional guess for rotatable bonds: the Fischer-Almlof torsional constant of acyclic single bonds to a planar sp2 centre is scaled to the rotational-barrier curvature of its bond class (sp2-sp3 0.6, sp2-lone pair 0.45, carbonyl-lone pair 0.7, sp2-sp2 0.65, fading to 1 with the bond-order factor between 1.5 and 2.2); ring bonds, impropers and multi-fragment systems unchanged
2026-09-16T23:48:59Z	39	94ea9fe5a46f07ba802f25ef882e33de49f54fb1	3ca2b9dd7c07605f17b891694e506742d101e5a6	main-f59f2b89a-gfn2-v1	keep	1	train improvement >= 1e-4; valid improvement > 1e-4; both evaluations valid	2026-09-17T02:48:02+03:00	0.8196407850154884	0.0078259888704673	1.0008836804867638	3.2981568828052374	31.44577758386731	469	469	1.0	0	0	1		"{""converged"":469}"	84b95d99cd5947058220b2a511e83bab	afeff3bbdbf79883fd7949a86cd8beb356f7e9ec6048a6750f224482048b0cb2	/workspace/evaluation_results/cycle-39-train.json	/workspace/evaluation_results/cycle-39-train.json	2026-09-17T02:48:50+03:00	0.8326029044832081	0.0053410939491716	1.0094146537791882	10.03017035029091	33.19058193638921	465	465	1.0	0	0	1		"{""converged"":465}"	03792890f6564afda687b8f0c1859c7d	afeff3bbdbf79883fd7949a86cd8beb356f7e9ec6048a6750f224482048b0cb2	/workspace/evaluation_results/cycle-39-valid.json	/workspace/evaluation_results/cycle-39-valid.json	0.8274667738859557	0.8379439984323797	/workspace/evaluation_results/cycle-37-train.json	/workspace/evaluation_results/cycle-37-valid.json	a9c4f19458a640088df3d2ba085390dc	0d288340dd2c4df68d6b4a3a10ff75af	physical linear-bend guess for the dummy-atom coordinates of near-linear centres - dummy angles and the A-j-X-C dummy dihedral of a two-bonded centre within 15 degrees of linear take 0.10 Ha/rad^2 (0.05 at hydrogen centres) instead of the Fischer-Almlof bend value and Sella's 0.5 Ha/rad^2; terminal-dummy dihedrals and multi-fragment systems unchanged
2026-09-17T01:43:08Z	43	6e34e59e16b19c3538a760b9783d28081d2453b3	94ea9fe5a46f07ba802f25ef882e33de49f54fb1	main-f59f2b89a-gfn2-v1	keep	1	train improvement >= 1e-4; valid improvement > 1e-4; both evaluations valid	2026-09-17T04:42:16+03:00	0.7886691583651311	0.0309716266503573	1.0023758257041837	3.298156983206149	31.090481467545033	469	469	1.0	0	0	1		"{""converged"":469}"	3635f19e5c9d48b0af35d1418f10a633	fb70b56fa6488d044557da88efae4995731970bf842d8e3efd4f53b9ef0fdf9e	/workspace/evaluation_results/cycle-43-train.json	/workspace/evaluation_results/cycle-43-train.json	2026-09-17T04:42:59+03:00	0.8137676961895416	0.0188352082936665	1.0091846153702186	10.030207680826134	30.64540797844529	465	465	1.0	0	0	1		"{""converged"":465}"	bc7d7c45f8154808b5e8fb23e33dd0f0	fb70b56fa6488d044557da88efae4995731970bf842d8e3efd4f53b9ef0fdf9e	/workspace/evaluation_results/cycle-43-valid.json	/workspace/evaluation_results/cycle-43-valid.json	0.8196407850154884	0.8326029044832081	/workspace/evaluation_results/cycle-39-train.json	/workspace/evaluation_results/cycle-39-valid.json	84b95d99cd5947058220b2a511e83bab	03792890f6564afda687b8f0c1859c7d	symmetry-breaking rigid-body start displacement (0.02 A / 0.02 rad, fixed seed) for every fragment of a multi-fragment input geometry, on top of the geometry-tracked inter-fragment contact block of the model Hessian (inter-fragment pairs in the tracked Lindh-style pair term, _h0_fragment at its floor); connected systems unchanged
2026-09-17T02:29:53Z	45	21a3273fee7548462d38cebd93dcfe77f0de31b4	6e34e59e16b19c3538a760b9783d28081d2453b3	main-f59f2b89a-gfn2-v1	keep	1	train improvement >= 1e-4; valid improvement > 1e-4; both evaluations valid	2026-09-17T05:28:57+03:00	0.7626995421389973	0.0259696162261338	1.0016880588385284	3.298157215384669	32.63548908010125	469	469	1.0	0	0	1		"{""converged"":469}"	00a8a210346045c081c3e015340c04a8	bd42bdb57306af33e09528a52d86f3cf2e4bb36dcb5ab2d23a9210e006d740dc	/workspace/evaluation_results/cycle-45-train.json	/workspace/evaluation_results/cycle-45-train.json	2026-09-17T05:29:41+03:00	0.7877605432848123	0.0260071529047293	1.0092064314094829	10.030159682627566	31.075710780918598	465	465	1.0	0	0	1		"{""converged"":465}"	d69a42428806484db56bd81c07be8501	bd42bdb57306af33e09528a52d86f3cf2e4bb36dcb5ab2d23a9210e006d740dc	/workspace/evaluation_results/cycle-45-valid.json	/workspace/evaluation_results/cycle-45-valid.json	0.7886691583651311	0.8137676961895416	/workspace/evaluation_results/cycle-43-train.json	/workspace/evaluation_results/cycle-43-valid.json	3635f19e5c9d48b0af35d1418f10a633	bc7d7c45f8154808b5e8fb23e33dd0f0	geometry-tracked Lindh-type bending curvature for inter-fragment hydrogen-bond contacts X-H...Y: isotropic linear-reference bend at the hydrogen (A_phi 0.5 Ha/rad^2) and true-angle acceptor bends (A_phi 0.15), contact factor capped at 0.05 / 0.01 for C-H donors, mapped through pinv(B) like the pair term and tracked before every update; connected systems unchanged
2026-09-17T04:01:56Z	48	4c05263c9a2a4f8b38faae186f0e3c2676311c97	21a3273fee7548462d38cebd93dcfe77f0de31b4	main-f59f2b89a-gfn2-v1	keep	1	train improvement >= 1e-4; valid improvement > 1e-4; both evaluations valid	2026-09-17T07:00:58+03:00	0.759262459517491	0.0034370826215063	1.0017005482391608	3.298157215384669	31.3902038782835	469	469	1.0	0	0	1		"{""converged"":469}"	1721920d28a849cb8bda5ef4b236266a	42976aad02cceb3c0393bc36e583c34492ac75b784e9ea1f8c0963c2f73adef6	/workspace/evaluation_results/cycle-48-train.json	/workspace/evaluation_results/cycle-48-train.json	2026-09-17T07:01:46+03:00	0.7842328541955641	0.0035276890892482	1.0091808308916825	10.030142934399146	30.024275455623865	465	465	1.0	0	0	1		"{""converged"":465}"	f9fd021384d04095bf3a237938d03ea0	42976aad02cceb3c0393bc36e583c34492ac75b784e9ea1f8c0963c2f73adef6	/workspace/evaluation_results/cycle-48-valid.json	/workspace/evaluation_results/cycle-48-valid.json	0.7626995421389973	0.7877605432848123	/workspace/evaluation_results/cycle-45-train.json	/workspace/evaluation_results/cycle-45-valid.json	00a8a210346045c081c3e015340c04a8	d69a42428806484db56bd81c07be8501	geometry-tracked hydrogen-bond bending curvature (_h0_contact_bends) extended to intramolecular X-H...Y contacts with a heteroatom donor (same fragment, graph distance >= 5, same constants); intramolecular C-H...Y and inter-fragment contacts unchanged
2026-09-17T04:23:57Z	49	d148070066a818071b41626af514c0627710334b	4c05263c9a2a4f8b38faae186f0e3c2676311c97	main-f59f2b89a-gfn2-v1	keep	1	train improvement >= 1e-4; valid improvement > 1e-4; both evaluations valid	2026-09-17T07:23:02+03:00	0.7532674023493819	0.0059950571681091	1.0017390383713944	3.298157215384669	31.09841424226761	469	469	1.0	0	0	1		"{""converged"":469}"	01093bbde69249c49e623ce80e3fb8e4	929f64210a1b650d5da660f37459b72206bde92428c156693bb9302c9e901800	/workspace/evaluation_results/cycle-49-train.json	/workspace/evaluation_results/cycle-49-train.json	2026-09-17T07:23:47+03:00	0.7715671932153715	0.0126656609801926	1.008717604242571	10.030142934399146	30.462856739759445	465	465	1.0	0	0	1		"{""converged"":465}"	48ab639ada284e3b949b4eca75c691c1	929f64210a1b650d5da660f37459b72206bde92428c156693bb9302c9e901800	/workspace/evaluation_results/cycle-49-valid.json	/workspace/evaluation_results/cycle-49-valid.json	0.759262459517491	0.7842328541955641	/workspace/evaluation_results/cycle-48-train.json	/workspace/evaluation_results/cycle-48-valid.json	1721920d28a849cb8bda5ef4b236266a	f9fd021384d04095bf3a237938d03ea0	lone-pair-plane (out-of-plane) curvature for hydrogen bonds to single-neighbour sp2 acceptors: geometry-tracked Gauss-Newton term k s^2/2 with s = sine of the angle between Y->H and the plane of the acceptor's trigonal neighbour Z (W1, Z, W2), k = A_phi,acc rho_YZ min(rho_contact, cap) x planarity of Z, same prefactor 0.15 Ha/rad^2 as the acceptor bends, added to _h0_contact_bends for the same contact set (inter-fragment any donor, intramolecular heteroatom donor); the precession about the Y=Z axis was invisible to the radial and bending terms
2026-09-17T06:09:18Z	52	06e433a3b54220d8920e477ca43ed54ba1fef406	d148070066a818071b41626af514c0627710334b	main-f59f2b89a-gfn2-v1	keep	1	train improvement >= 1e-4; valid improvement > 1e-4; both evaluations valid	2026-09-17T09:06:59+03:00	0.7515589615364636	0.0017084408129183	1.0001863242044198	3.298157215384669	31.192167438566685	469	469	1.0	0	0	1		"{""converged"":469}"	4fdaec24fcef4aa1bf69718a87aae4d5	a44696e094e9c77857305ae98aaa42b64c3be549919795849af75af30c67cde8	/workspace/evaluation_results/cycle-52-train.json	/workspace/evaluation_results/cycle-52-train.json	2026-09-17T09:08:16+03:00	0.7677808070096304	0.0037863862057411	1.008717417625198	10.030142934399146	29.779492296278477	465	465	1.0	0	0	1		"{""converged"":465}"	59ddfb5869d0416d81a43e82c72cfaed	a44696e094e9c77857305ae98aaa42b64c3be549919795849af75af30c67cde8	/workspace/evaluation_results/cycle-52-valid.json	/workspace/evaluation_results/cycle-52-valid.json	0.7532674023493819	0.7715671932153715	/workspace/evaluation_results/cycle-49-train.json	/workspace/evaluation_results/cycle-49-valid.json	01093bbde69249c49e623ce80e3fb8e4	48ab639ada284e3b949b4eca75c691c1	ionic reference radii for the group-1/2 metals in the model-Hessian stiffness formulas: a module table _STIFFNESS_RADII (covalent radii, except Shannon CN-6 ionic radii for Li/Na/K/Rb/Cs/Be/Mg/Ca/Sr/Ba) replaces the covalent radii in _h0_bond, _h0_angle, _h0_dihedral, the torsion-class bond order, the non-local pair term (cutoff and k) and the bond-order factors of _h0_contact_bends, so metal-ligand contacts and bonds get the ion-dipole/cation-pi curvature (0.02-0.07 Ha/Bohr^2) instead of a covalent single-bond one; bond detection, fragments and the start displacement keep the covalent radii
2026-09-17T06:48:21Z	53	f38a8b6e79bc9856c9a87272d4b4e903ddfe2d7d	06e433a3b54220d8920e477ca43ed54ba1fef406	main-f59f2b89a-gfn2-v1	keep	1	train improvement >= 1e-4; valid improvement > 1e-4; both evaluations valid	2026-09-17T09:46:44+03:00	0.7446789944753832	0.0068799670610804	1.0003388521053795	3.298157215384669	32.301340490579605	469	469	1.0	0	0	1		"{""converged"":469}"	170657c16c6c4979a5d77261a6bdcaab	9571413e56e9dafc9c07e5757fd3628b98c6f46b476d81070f36c88c8835e062	/workspace/evaluation_results/cycle-53-train.json	/workspace/evaluation_results/cycle-53-train.json	2026-09-17T09:47:57+03:00	0.7482449823679403	0.0195358246416901	1.008749314251968	10.030142934399146	32.37998032197356	465	465	1.0	0	0	1		"{""converged"":465}"	26dda62539be4686ac3dbeb2896dc83a	9571413e56e9dafc9c07e5757fd3628b98c6f46b476d81070f36c88c8835e062	/workspace/evaluation_results/cycle-53-valid.json	/workspace/evaluation_results/cycle-53-valid.json	0.7515589615364636	0.7677808070096304	/workspace/evaluation_results/cycle-52-train.json	/workspace/evaluation_results/cycle-52-valid.json	4fdaec24fcef4aa1bf69718a87aae4d5	59ddfb5869d0416d81a43e82c72cfaed	geometry-tracked Almlof stretch diagonal plus transport of the stored secant pairs with the analytic part of the model (stretch diagonal and contact block) for connected systems; multi-fragment path unchanged
2026-09-17T07:20:59Z	55	5d0a542040b30ac0f066135252c6bc80f13d072f	f38a8b6e79bc9856c9a87272d4b4e903ddfe2d7d	main-f59f2b89a-gfn2-v1	keep	1	train improvement >= 1e-4; valid improvement > 1e-4; both evaluations valid	2026-09-17T10:17:44+03:00	0.7193841452349388	0.0252948492404444	1.0015669280884532	3.2981568765292026	35.369959361851215	469	469	1.0	0	0	1		"{""converged"":469}"	b6fb8eb0f1594e8d82e2bc85b5479c30	06e4c68032960c1c712912686fbe5ac427d79a13a9628b1b945460e39a75a5b9	/workspace/evaluation_results/cycle-55-train.json	/workspace/evaluation_results/cycle-55-train.json	2026-09-17T10:20:44+03:00	0.727087104468917	0.0211578778990233	1.0082494891576255	10.030136590278849	30.756967917084694	465	465	1.0	0	0	1		"{""converged"":465}"	5de5a7b57d544968941d670ccc15ebc9	06e4c68032960c1c712912686fbe5ac427d79a13a9628b1b945460e39a75a5b9	/workspace/evaluation_results/cycle-55-valid.json	/workspace/evaluation_results/cycle-55-valid.json	0.7446789944753832	0.7482449823679403	/workspace/evaluation_results/cycle-53-train.json	/workspace/evaluation_results/cycle-53-valid.json	170657c16c6c4979a5d77261a6bdcaab	26dda62539be4686ac3dbeb2896dc83a	secant-pair transport with the analytic model (stretch diagonal + contact block) extended to multi-fragment systems, composite Simpson path average of the model over each step for all systems (shadow Internals with independent fragment rotations at interior points); connected path identical to the cycle-54 candidate
2026-09-17T13:05:18Z	62	09bb577f62847bdc1fd519479f5456eb1b224841	5d0a542040b30ac0f066135252c6bc80f13d072f	main-f59f2b89a-gfn2-v1	keep	1	train improvement >= 1e-4; valid improvement > 1e-4; both evaluations valid	2026-09-17T16:03:03+03:00	0.7179724107893718	0.0014117344455670	1.0014978549245603	3.2981569330048237	39.4776752628386	469	469	1.0	0	0	1		"{""converged"":469}"	000623681fcf4d6482eeba0639a97931	3128de221c00a7cbf08e7a64f2fca9829080a489fa27c865a7b6641d71c16212	/workspace/evaluation_results/cycle-62-train.json	/workspace/evaluation_results/cycle-62-train.json	2026-09-17T16:03:57+03:00	0.7256903057029921	0.0013967987659249	1.0078186075638291	10.030136590278849	32.609152499586344	465	465	1.0	0	0	1		"{""converged"":465}"	e2a2a308dc4442a7ae10f527a9d5d27d	3128de221c00a7cbf08e7a64f2fca9829080a489fa27c865a7b6641d71c16212	/workspace/evaluation_results/cycle-62-valid.json	/workspace/evaluation_results/cycle-62-valid.json	0.7193841452349388	0.727087104468917	/workspace/evaluation_results/cycle-55-train.json	/workspace/evaluation_results/cycle-55-valid.json	b6fb8eb0f1594e8d82e2bc85b5479c30	5de5a7b57d544968941d670ccc15ebc9	X-H...pi contact bends: inter-fragment hydrogens bonded to a heteroatom whose closest non-hydrogen atom of the partner fragment (by r - r_cov) is an unsaturated carbon get the isotropic bend at H and the acceptor bends with every unsaturated carbon of that fragment in range, contact factor min(bo, 0.01); hydrogen-bonded contacts and connected molecules unchanged
2026-09-17T13:17:25Z	63	a09dbb5d39a63bd0fdb4b4bdb176812d8af2c023	09bb577f62847bdc1fd519479f5456eb1b224841	main-f59f2b89a-gfn2-v1	keep	1	train improvement >= 1e-4; valid improvement > 1e-4; both evaluations valid	2026-09-17T16:13:03+03:00	0.7177764238751915	0.0001959869141803	1.0014978692702752	3.2981569330048237	42.31718872487545	469	469	1.0	0	0	1		"{""converged"":469}"	fbdd2b2272f54450904881c06c34fa1e	2b4a976f65baa830b9d3d79584096e20a9af88a8c9d71d889a77959b98dee831	/workspace/evaluation_results/cycle-63-train.json	/workspace/evaluation_results/cycle-63-train.json	2026-09-17T16:16:13+03:00	0.7252030921614686	0.0004872135415235	1.0078186069340866	10.030136590278849	31.279675103724003	465	465	1.0	0	0	1		"{""converged"":465}"	35983562fbe743e689ab231e70655b13	2b4a976f65baa830b9d3d79584096e20a9af88a8c9d71d889a77959b98dee831	/workspace/evaluation_results/cycle-63-valid.json	/workspace/evaluation_results/cycle-63-valid.json	0.7179724107893718	0.7256903057029921	/workspace/evaluation_results/cycle-62-train.json	/workspace/evaluation_results/cycle-62-valid.json	000623681fcf4d6482eeba0639a97931	e2a2a308dc4442a7ae10f527a9d5d27d	pi-face normalisation of the X-H...pi contact bends: per (hydrogen, fragment) face the contact factors of the unsaturated carbons in range are scaled by min(1, 2 max c / sum c), so a face contributes at most a double bond's worth of bending curvature; alkene faces, hydrogen bonds and connected molecules unchanged
2026-09-17T13:28:27Z	64	6c6efdf2e03120e3dbb7daebae4ba6baa2f73377	a09dbb5d39a63bd0fdb4b4bdb176812d8af2c023	main-f59f2b89a-gfn2-v1	keep	1	train improvement >= 1e-4; valid improvement > 1e-4; both evaluations valid	2026-09-17T16:26:30+03:00	0.7095286385492489	0.0082477853259426	1.0013961731045404	3.2981569330048237	38.8904957100749	469	469	1.0	0	0	1		"{""converged"":469}"	1efefd0f933c48e59b2722a6fb6ecee5	568324375a0177e3bddb2551b1334d2459e2a8d767dfa067cb4b1b04ba81eb48	/workspace/evaluation_results/cycle-64-train.json	/workspace/evaluation_results/cycle-64-train.json	2026-09-17T16:27:33+03:00	0.7225279374774365	0.0026751546840321	1.0078185804397717	10.030136590278849	42.4334664195776	465	465	1.0	0	0	1		"{""converged"":465}"	ee8fa8398633404ba245e3359a82c4e0	568324375a0177e3bddb2551b1334d2459e2a8d767dfa067cb4b1b04ba81eb48	/workspace/evaluation_results/cycle-64-valid.json	/workspace/evaluation_results/cycle-64-valid.json	0.7177764238751915	0.7252030921614686	/workspace/evaluation_results/cycle-63-train.json	/workspace/evaluation_results/cycle-63-valid.json	fbdd2b2272f54450904881c06c34fa1e	35983562fbe743e689ab231e70655b13	row factors of the Almlof stretch curvature for covalent bonds to p-block elements beyond the second row (row 3 0.58, row 4 0.50, row 5 0.42, row 6 0.35 per atom, product over the bond; connected systems only; tracked stretch diagonal follows)
2026-09-17T14:13:10Z	65	2a8fb394fa396f8111c886bffafdaa97b190f84f	6c6efdf2e03120e3dbb7daebae4ba6baa2f73377	main-f59f2b89a-gfn2-v1	keep	1	train improvement >= 1e-4; valid improvement > 1e-4; both evaluations valid	2026-09-17T17:11:19+03:00	0.7080763301551772	0.0014523083940717	1.0014082477330515	3.2981569330048237	39.63066687807441	469	469	1.0	0	0	1		"{""converged"":469}"	15ffa629bc374190ae4b401e48ad349d	5f75217e90bb06acc397849134f73c34fe49de711cd92be7768a0bc2905affb1	/workspace/evaluation_results/cycle-65-train.json	/workspace/evaluation_results/cycle-65-train.json	2026-09-17T17:12:21+03:00	0.7210369844907428	0.0014909529866937	1.0078046667587	10.030136590278849	45.56569645553827	465	465	1.0	0	0	1		"{""converged"":465}"	b353d518b734452383d219bd7b15ed63	5f75217e90bb06acc397849134f73c34fe49de711cd92be7768a0bc2905affb1	/workspace/evaluation_results/cycle-65-valid.json	/workspace/evaluation_results/cycle-65-valid.json	0.7095286385492489	0.7225279374774365	/workspace/evaluation_results/cycle-64-train.json	/workspace/evaluation_results/cycle-64-valid.json	1efefd0f933c48e59b2722a6fb6ecee5	ee8fa8398633404ba245e3359a82c4e0	vicinal (1-4) pair curvature in the non-local contact term of the model Hessian: the radial Almlof pair term k_ad (dr_ad)^2 for the atoms a, d of every dihedral a-b-c-d (graph distance 3), supplying the substituent dependence of the torsional stiffness that the Fischer-Almlof constant lacks; no contact bends for vicinal pairs; connected systems only (multi-fragment systems bit-identical)
2026-09-17T17:18:00Z	70	0cee2f51cc2eb67496f6cd7dd1cea8b8ed9803c8	2a8fb394fa396f8111c886bffafdaa97b190f84f	main-f59f2b89a-gfn2-v1	keep	1	train improvement >= 1e-4; valid improvement > 1e-4; both evaluations valid	2026-09-17T19:59:38+03:00	0.6974612299567504	0.0106151001984268	1.0028371306387363	2.890471055810637	39.711208283901215	469	469	1.0	0	0	1		"{""converged"":469}"	0c17fc8183ee496d81bd1ab709de47ea	4eca725c90251413bb6c957b6ff9d952591268a356f9ac2830b35d7c04ae2211	/workspace/evaluation_results/cycle-70-train.json	/workspace/evaluation_results/cycle-70-train.json	2026-09-17T20:00:22+03:00	0.6973926783437668	0.0236443061469760	1.0062907202894602	10.030157818925108	30.34013294428587	465	465	1.0	0	0	1		"{""converged"":465}"	92c7852fa93241f9824b9c261d837ea1	4eca725c90251413bb6c957b6ff9d952591268a356f9ac2830b35d7c04ae2211	/workspace/evaluation_results/cycle-70-valid.json	/workspace/evaluation_results/cycle-70-valid.json	0.7080763301551772	0.7210369844907428	/workspace/evaluation_results/cycle-65-train.json	/workspace/evaluation_results/cycle-65-valid.json	15ffa629bc374190ae4b401e48ad349d	b353d518b734452383d219bd7b15ed63	rigid-body docking of neutral multi-fragment starts on a point-charge + UFF 12-6 surrogate: formal charges by valence rules, bond-polarity partial charges, no 12-6 on H-bond donors; L-BFGS relaxation in fragment translation/rotation; gated by the rigid-body cosine with the first xTB force field (>= 0.5), a 0.5 A minimum move and an xTB energy decrease; the start evaluation is cached so undocked starts cost no extra call; ionic complexes and connected systems bit-identical
2026-09-18T05:19:08Z	76	1ba6177625d7e7ff315c5995188815383eda7a4b	0cee2f51cc2eb67496f6cd7dd1cea8b8ed9803c8	main-f59f2b89a-gfn2-v1	keep	1	train improvement >= 1e-4; valid improvement > 1e-4; both evaluations valid	2026-09-18T08:13:29+03:00	0.6868162630443151	0.0106449669124353	1.0028371167110872	2.890471055810637	125.97638874128461	469	469	1.0	0	0	1		"{""converged"":469}"	ab1de02139904c3585cd90945ed6058f	810ac28199f8688535d1eb8d9d645e2630022b7e87508e6e3897b3451fdb5f2d	/workspace/evaluation_results/cycle-76-train.json	/workspace/evaluation_results/cycle-76-train.json	2026-09-18T08:18:43+03:00	0.6924512905606407	0.0049413877831261	1.0062907930701108	10.030157818925108	253.06730372458696	465	465	1.0	0	0	1		"{""converged"":465}"	19c9d280a058447ab101694030b27e7f	810ac28199f8688535d1eb8d9d645e2630022b7e87508e6e3897b3451fdb5f2d	/workspace/evaluation_results/cycle-76-valid.json	/workspace/evaluation_results/cycle-76-valid.json	0.6974612299567504	0.6973926783437668	/workspace/evaluation_results/cycle-70-train.json	/workspace/evaluation_results/cycle-70-valid.json	0c17fc8183ee496d81bd1ab709de47ea	92c7852fa93241f9824b9c261d837ea1	symmetry-image secant pairs: every stored pair of the multi-secant memory is entered with its images under the point-group operations detected at the current geometry (permutation of identical nuclei + orthogonal map, reflections included, within max(0.05 A, half the rms step)); images formed through Cartesian space with the current Jacobian (s' = B G B+ s, y' = B+T G BT y), dummies mapped onto themselves or their inversion; connected systems only, filters and memory unchanged
2026-09-18T07:04:11Z	79	336c47f6d09df544e3b314691af989f21ed6174e	1ba6177625d7e7ff315c5995188815383eda7a4b	main-f59f2b89a-gfn2-v1	keep	1	train improvement >= 1e-4; valid improvement > 1e-4; both evaluations valid	2026-09-18T09:58:42+03:00	0.6846727699724924	0.0021434930718227	1.0028383066721396	2.890471055810637	195.94129391014576	469	469	1.0	0	0	1		"{""converged"":469}"	7fe7b950db2e4974bf52187407342661	225bf5e2e38947a5bb9b3a1c86d9f051a8ab968ef803300c8b5bcb09d362a474	/workspace/evaluation_results/cycle-79-train.json	/workspace/evaluation_results/cycle-79-train.json	2026-09-18T10:04:01+03:00	0.6898549897426588	0.0025963008179819	1.0062909931378061	10.030157818925108	280.15750028192997	465	465	1.0	0	0	1		"{""converged"":465}"	a8c26fb63c1c4f7b9edba2f398ad7572	225bf5e2e38947a5bb9b3a1c86d9f051a8ab968ef803300c8b5bcb09d362a474	/workspace/evaluation_results/cycle-79-valid.json	/workspace/evaluation_results/cycle-79-valid.json	0.6868162630443151	0.6924512905606407	/workspace/evaluation_results/cycle-76-train.json	/workspace/evaluation_results/cycle-76-valid.json	ab1de02139904c3585cd90945ed6058f	19c9d280a058447ab101694030b27e7f	contact-block predictor-corrector step for connected systems only (cycle 78 restricted: multi-fragment systems keep the quadratic step): s = -(H + <A(x(t)) - A(x)>)^-1 g with the composite-Simpson path average of the non-local/vicinal contact curvature along the linearised step, fixed point <= 2 corrections, trust ratio judged with the energy-weighted average of the same model
2026-09-18T08:46:21Z	80	b70bec7abfce13ad2b965c2006bb0ea1abf06c49	336c47f6d09df544e3b314691af989f21ed6174e	main-f59f2b89a-gfn2-v1	keep	1	train improvement >= 1e-4; valid improvement > 1e-4; both evaluations valid	2026-09-18T11:42:45+03:00	0.6800286675061603	0.0046441024663321	1.0027438424421513	2.890471055810637	300.45669040083885	469	469	1.0	0	0	1		"{""converged"":469}"	237a338d62ca43f381bed4cfe8b43803	20c2e1344cf270f3a4cf19ff9b317c1efb9fc281523b2149d9bd85f9bd0c2ce2	/workspace/evaluation_results/cycle-80-train.json	/workspace/evaluation_results/cycle-80-train.json	2026-09-18T11:46:02+03:00	0.6823292051170674	0.0075257846255914	1.006292181424953	10.030157818925108	109.3637352026999	465	465	1.0	0	0	1		"{""converged"":465}"	924348b45a26464b9cc7a0cc6c1df134	20c2e1344cf270f3a4cf19ff9b317c1efb9fc281523b2149d9bd85f9bd0c2ce2	/workspace/evaluation_results/cycle-80-valid.json	/workspace/evaluation_results/cycle-80-valid.json	0.6846727699724924	0.6898549897426588	/workspace/evaluation_results/cycle-79-train.json	/workspace/evaluation_results/cycle-79-valid.json	7fe7b950db2e4974bf52187407342661	a8c26fb63c1c4f7b9edba2f398ad7572	out-of-plane improper coordinates for planar pi centres whose proper dihedrals run about single bonds (carbonyl, carboxyl, carboxylate, thiocarbonyl, nitro and boron centres; terminal double-bond partner as the axis, Schlegel out-of-plane guess 0.045 Ha/rad^2; connected systems only)
2026-09-18T10:10:37Z	81	9988b8d39969333516b767fb8b7592d25976b765	b70bec7abfce13ad2b965c2006bb0ea1abf06c49	main-f59f2b89a-gfn2-v1	keep	1	train improvement >= 1e-4; valid improvement > 1e-4; both evaluations valid	2026-09-18T13:08:04+03:00	0.6796563532532491	0.0003723142529112	1.0027438509956543	2.890471055810637	268.3989314697683	469	469	1.0	0	0	1		"{""converged"":469}"	8043c46b928a423fb72fc78664e5e695	1489aac956a13a25a4a120fbdd2e710ca8ac20e5f2ae6f057484f76526c25e2c	/workspace/evaluation_results/cycle-81-train.json	/workspace/evaluation_results/cycle-81-train.json	2026-09-18T13:10:24+03:00	0.681668206875424	0.0006609982416434	1.0062922098986862	10.030157818925108	107.89372158050537	465	465	1.0	0	0	1		"{""converged"":465}"	4d8b9eb5b7784d43b0e24ec97b490a34	1489aac956a13a25a4a120fbdd2e710ca8ac20e5f2ae6f057484f76526c25e2c	/workspace/evaluation_results/cycle-81-valid.json	/workspace/evaluation_results/cycle-81-valid.json	0.6800286675061603	0.6823292051170674	/workspace/evaluation_results/cycle-80-train.json	/workspace/evaluation_results/cycle-80-valid.json	237a338d62ca43f381bed4cfe8b43803	924348b45a26464b9cc7a0cc6c1df134	ion-dipole angular stiffness for s-block metal contacts in connected systems: bends with the ion q mu0/(2 R1 R2), ion-terminal proper dihedrals q mu0/R^2 shared per contact bond (mu0 = 0.73 au water dipole, formal charges 1/2); replaces the Fischer-Almlof covalent bend/torsion guesses that were 5-15x over-stiff for cation contacts; multi-fragment and ion-free systems bit-identical
2026-09-18T13:41:22Z	85	8c1813d4560e31e2f0e609ecc06c58ce51ee2d3a	9988b8d39969333516b767fb8b7592d25976b765	main-f59f2b89a-gfn2-v1	keep	1	train improvement >= 1e-4; valid improvement > 1e-4; both evaluations valid	2026-09-18T16:40:11+03:00	0.675664946077617	0.0039914071756321	1.002741067830858	2.890471055810637	57.97863144800067	469	469	1.0	0	0	1		"{""converged"":469}"	504f4d36b4f14fc2ad3049f39bea6f04	d55b67adcc4e2c274543b879099bf87550ebcd61764e2c2861112cf3424d3f3e	/workspace/evaluation_results/cycle-85-train.json	/workspace/evaluation_results/cycle-85-train.json	2026-09-18T16:41:04+03:00	0.679620245798835	0.002047961076589	1.008572098919769	10.030157818925108	34.01002208516002	465	465	1.0	0	0	1		"{""converged"":465}"	3dcc26891bde4f368c7322567c1b2331	d55b67adcc4e2c274543b879099bf87550ebcd61764e2c2861112cf3424d3f3e	/workspace/evaluation_results/cycle-85-valid.json	/workspace/evaluation_results/cycle-85-valid.json	0.6796563532532491	0.681668206875424	/workspace/evaluation_results/cycle-81-train.json	/workspace/evaluation_results/cycle-81-valid.json	8043c46b928a423fb72fc78664e5e695	4d8b9eb5b7784d43b0e24ec97b490a34	torsional pre-relaxation of XH3 rotors that start on their three-fold saddle: rotors within 10 deg of the class saddle are rotated as a rigid group to the class minimum phase before the first force call (staggered for sp3 C/N and two-coordinate O/S frames, eclipsed with C=O for aldehyde/ketone/acid/ester carbons and with the acyl carbon for secondary-amide N-methyls; aromatic, alkene, tertiary-amide, planar-amine, carboxylate and Si/P/S/B frames untouched); zero force calls, untriggered starts bit-identical
2026-09-18T17:30:36Z	88	8a30dec9b7cf843c34cc0feefaa961e8a84b33a8	8c1813d4560e31e2f0e609ecc06c58ce51ee2d3a	main-f59f2b89a-gfn2-v1	keep	1	train improvement >= 1e-4; valid improvement > 1e-4; both evaluations valid	2026-09-18T20:29:21+03:00	0.6740825814078849	0.0015823646697321	1.0027410404911148	2.890471055810637	57.80850609764457	469	469	1.0	0	0	1		"{""converged"":469}"	7144e9cdb5d0402c9c6ff11dda443ee8	222dbd13395558d32ce009e80cc376a2f7daa61dce0a396fe07bb6ad527b3646	/workspace/evaluation_results/cycle-88-train.json	/workspace/evaluation_results/cycle-88-train.json	2026-09-18T20:30:22+03:00	0.6765981143729409	0.0030221314258941	1.0085820353675277	10.030157818925108	45.31360716000199	465	465	1.0	0	0	1		"{""converged"":465}"	e70954da6a594f538ec3a79d8fb658b1	222dbd13395558d32ce009e80cc376a2f7daa61dce0a396fe07bb6ad527b3646	/workspace/evaluation_results/cycle-88-valid.json	/workspace/evaluation_results/cycle-88-valid.json	0.675664946077617	0.679620245798835	/workspace/evaluation_results/cycle-85-train.json	/workspace/evaluation_results/cycle-85-valid.json	504f4d36b4f14fc2ad3049f39bea6f04	3dcc26891bde4f368c7322567c1b2331	ester acetyl methyls (CH3-C(=O)-O-R) placed staggered with respect to C=O by the torsional pre-relaxation (one C-H eclipsing the C-O(alkyl) bond, the GFN2-xTB minimum of the ester acetyl rotor); acyl (eclipsed) rule kept for aldehyde, ketone, acid, amide carbons and for ester carbons in systems with a formal charge
2026-09-18T19:56:39Z	90	d86750369416b33503bb6d929ab6ed87592b5ae3	8a30dec9b7cf843c34cc0feefaa961e8a84b33a8	main-f59f2b89a-gfn2-v1	keep	1	train improvement >= 1e-4; valid improvement > 1e-4; both evaluations valid	2026-09-18T22:55:22+03:00	0.6711215702465895	0.0029610111612954	1.0030700857848602	2.890471055810637	54.5654802583158	469	469	1.0	0	0	1		"{""converged"":469}"	88a452a8b8234efa85ef402d77578f89	37e7ad30abf5b985c3d0486a69ba784c55be6195d949f6f54095860bda5153bd	/workspace/evaluation_results/cycle-90-train.json	/workspace/evaluation_results/cycle-90-train.json	2026-09-18T22:56:28+03:00	0.6708908297087705	0.0057072846641704	1.0085197300337925	10.030157818925108	30.54155980795622	465	465	1.0	0	0	1		"{""converged"":465}"	039f40b99b544c4e92f729ee13f92b1d	37e7ad30abf5b985c3d0486a69ba784c55be6195d949f6f54095860bda5153bd	/workspace/evaluation_results/cycle-90-valid.json	/workspace/evaluation_results/cycle-90-valid.json	0.6740825814078849	0.6765981143729409	/workspace/evaluation_results/cycle-88-train.json	/workspace/evaluation_results/cycle-88-valid.json	7144e9cdb5d0402c9c6ff11dda443ee8	e70954da6a594f538ec3a79d8fb658b1	surrogate docking without the start-geometry force call (docked pose is the optimizer's first evaluated point; rigid-body cosine and energy-decrease gates dropped, surrogate-only gates decide)
2026-09-18T20:52:35Z	92	78ac80e6d58c13bc9f4bb1e9c2a77cae68e9f5ca	d86750369416b33503bb6d929ab6ed87592b5ae3	main-f59f2b89a-gfn2-v1	keep	1	train improvement >= 1e-4; valid improvement > 1e-4; both evaluations valid	2026-09-18T23:51:19+03:00	0.6670405717930346	0.0040809984535549	1.003203725859497	2.8907169579469087	56.84735116735101	469	469	1.0	0	0	1		"{""converged"":469}"	d2042b75a7f74777b494d73b3e4f0efe	800e66782a0e0f9ab9b5bf5efdd87358fa94c1a0fcc4ea446905c92622bfd773	/workspace/evaluation_results/cycle-92-train.json	/workspace/evaluation_results/cycle-92-train.json	2026-09-18T23:52:24+03:00	0.6648582327351942	0.0060325969735763	1.0084999786936684	10.030157818925108	48.56495960429311	465	465	1.0	0	0	1		"{""converged"":465}"	fda369bba16342c298af832da2e494a9	800e66782a0e0f9ab9b5bf5efdd87358fa94c1a0fcc4ea446905c92622bfd773	/workspace/evaluation_results/cycle-92-valid.json	/workspace/evaluation_results/cycle-92-valid.json	0.6711215702465895	0.6708908297087705	/workspace/evaluation_results/cycle-90-train.json	/workspace/evaluation_results/cycle-90-valid.json	88a452a8b8234efa85ef402d77578f89	039f40b99b544c4e92f729ee13f92b1d	planar-centre out-of-plane coordinates (cycle-80 improper rule, 0.045 Ha/rad^2) for the fragments of multi-fragment systems as well: connected-only gate removed in Internals._add_planar_centre_impropers
2026-09-18T22:01:39Z	94	e8fd4b0ab1b834b07e505b8c04393665d7ce7b95	78ac80e6d58c13bc9f4bb1e9c2a77cae68e9f5ca	main-f59f2b89a-gfn2-v1	keep	1	train improvement >= 1e-4; valid improvement > 1e-4; both evaluations valid	2026-09-19T01:00:14+03:00	0.6654222561732696	0.0016183156197650	1.0032024380064808	2.8907169579469087	55.5948544703424	469	469	1.0	0	0	1		"{""converged"":469}"	0f4488cefd8e44e093c8d1ddee6bb1ee	37198c898560bb14792eb0e363688201ba73eedfd3a6fa762704d237d937cd1d	/workspace/evaluation_results/cycle-94-train.json	/workspace/evaluation_results/cycle-94-train.json	2026-09-19T01:01:22+03:00	0.664109550002649	0.0007486827325452	1.0084999713953602	10.030157818925108	36.4444521330297	465	465	1.0	0	0	1		"{""converged"":465}"	61eb689e71f74653addfe60e3fbe1221	37198c898560bb14792eb0e363688201ba73eedfd3a6fa762704d237d937cd1d	/workspace/evaluation_results/cycle-94-valid.json	/workspace/evaluation_results/cycle-94-valid.json	0.6670405717930346	0.6648582327351942	/workspace/evaluation_results/cycle-92-train.json	/workspace/evaluation_results/cycle-92-valid.json	d2042b75a7f74777b494d73b3e4f0efe	fda369bba16342c298af832da2e494a9	rank-1 deflation of the pseudorotation (phase) mode of puckered five-membered rings in the guess Hessian (tangential pattern of the second-harmonic ring-dihedral fit over the proper dihedrals of the ring bonds, curvature scaled to f = 0.2; conjugated/double/aromatic ring bonds, bridged and near-planar rings excluded; connected systems only)
2026-09-18T23:43:49Z	95	3828b19db0592282f6d43d68c7f4056a4be54e95	e8fd4b0ab1b834b07e505b8c04393665d7ce7b95	main-f59f2b89a-gfn2-v1	keep	1	train improvement >= 1e-4; valid improvement > 1e-4; both evaluations valid	2026-09-19T02:42:37+03:00	0.6645181171413674	0.0009041390319022	1.0032024426705608	2.8907169579469087	55.95162667706609	469	469	1.0	0	0	1		"{""converged"":469}"	2b5d030fd8154e16981f0994fd81ea57	bc7f28e61b3ca0f210d811701fe505d0731fb6e272d0409a3056d5745b1e4067	/workspace/evaluation_results/cycle-95-train.json	/workspace/evaluation_results/cycle-95-train.json	2026-09-19T02:43:39+03:00	0.6639532917262572	0.0001562582763918	1.0084999732106228	10.030157818925108	36.92588413134217	465	465	1.0	0	0	1		"{""converged"":465}"	ac2427c7c7dc480685bc9b2594056c12	bc7f28e61b3ca0f210d811701fe505d0731fb6e272d0409a3056d5745b1e4067	/workspace/evaluation_results/cycle-95-valid.json	/workspace/evaluation_results/cycle-95-valid.json	0.6654222561732696	0.664109550002649	/workspace/evaluation_results/cycle-94-train.json	/workspace/evaluation_results/cycle-94-valid.json	0f4488cefd8e44e093c8d1ddee6bb1ee	61eb689e71f74653addfe60e3fbe1221	ring pseudorotation deflation of the guess Hessian extended to the puckered five-membered rings of the fragments of multi-fragment systems (same scope rule and f = 0.2)
2026-09-19T00:46:50Z	96	460cd073c7a8f6614a2657b0b55ba6842e366b2b	3828b19db0592282f6d43d68c7f4056a4be54e95	main-f59f2b89a-gfn2-v1	keep	1	train improvement >= 1e-4; valid improvement > 1e-4; both evaluations valid	2026-09-19T03:45:19+03:00	0.6595481818015794	0.0049699353397880	1.0032115820415635	2.8907169579469087	54.49732006341219	469	469	1.0	0	0	1		"{""converged"":469}"	071cf905177646ee9714c0d583a2e806	c8b8b9dd29f025f2c89b7ddc091637a743f6f481588bc16cce70dafb2c987088	/workspace/evaluation_results/cycle-96-train.json	/workspace/evaluation_results/cycle-96-train.json	2026-09-19T03:46:39+03:00	0.6555918064393957	0.0083614852868615	1.0079903455982082	10.030157818925108	47.76442775502801	465	465	1.0	0	0	1		"{""converged"":465}"	7056b98dd9674219b5c1e0bfe6038cb3	c8b8b9dd29f025f2c89b7ddc091637a743f6f481588bc16cce70dafb2c987088	/workspace/evaluation_results/cycle-96-valid.json	/workspace/evaluation_results/cycle-96-valid.json	0.6645181171413674	0.6639532917262572	/workspace/evaluation_results/cycle-95-train.json	/workspace/evaluation_results/cycle-95-valid.json	2b5d030fd8154e16981f0994fd81ea57	ac2427c7c7dc480685bc9b2594056c12	physical guess for the dummy-atom azimuth dihedrals of near-linear centres (torsion about the axis of the linear unit: Fischer-Almlof floor 0.0015 Ha/rad^2 for triple-bond units and units with a terminal far end, shared Fischer-Almlof double-bond torsion for two-ended cumulenes, Sella's 0.5 kept for bridging hydrogens; connected systems only)
2026-09-19T02:52:16Z	99	192712cf4d508fb2bd3ec5f8d1bdd4819b8a370c	460cd073c7a8f6614a2657b0b55ba6842e366b2b	main-f59f2b89a-gfn2-v1	keep	1	train improvement >= 1e-4; valid improvement > 1e-4; both evaluations valid	2026-09-19T05:50:49+03:00	0.6574843379747459	0.0020638438268335	1.0033022549708108	2.8907169579469087	54.750364169478416	469	469	1.0	0	0	1		"{""converged"":469}"	da72de95adf7415381ab4a0ccb074614	b31d848fd03a769fda246bcf20bc2f464133909d4d008318a99b92ae49f8bb9b	/workspace/evaluation_results/cycle-99-train.json	/workspace/evaluation_results/cycle-99-train.json	2026-09-19T05:52:02+03:00	0.6545945103317431	0.0009972961076526	1.0080039491346355	10.030157818925108	48.39034678041935	465	465	1.0	0	0	1		"{""converged"":465}"	6660ad8b59f842f5bbf58120cd8ca66e	b31d848fd03a769fda246bcf20bc2f464133909d4d008318a99b92ae49f8bb9b	/workspace/evaluation_results/cycle-99-valid.json	/workspace/evaluation_results/cycle-99-valid.json	0.6595481818015794	0.6555918064393957	/workspace/evaluation_results/cycle-96-train.json	/workspace/evaluation_results/cycle-96-valid.json	071cf905177646ee9714c0d583a2e806	7056b98dd9674219b5c1e0bfe6038cb3	pyramidalisation of planar-start three-coordinate P/As/Sb centres before the first force call (rigid tilt of every substituent subtree to the class angle on the leaning side; ring centres, P=O/P=S and metal neighbours untouched; bond-graph and burial guards)
2026-09-19T03:37:46Z	100	3ddd4df5afc80dac0650bb5b022b448daa8a7906	192712cf4d508fb2bd3ec5f8d1bdd4819b8a370c	main-f59f2b89a-gfn2-v1	keep	1	train improvement >= 1e-4; valid improvement > 1e-4; both evaluations valid	2026-09-19T06:36:28+03:00	0.6566847644139784	0.0007995735607675	1.0033022549784343	2.8907169579469087	54.62441238388419	469	469	1.0	0	0	1		"{""converged"":469}"	38d0374521ea47fbbafd489deec7d662	9538bc3988a709e3965ca9b1ec85ebee2af18a5cc697abada444f94657383f2b	/workspace/evaluation_results/cycle-100-train.json	/workspace/evaluation_results/cycle-100-train.json	2026-09-19T06:37:32+03:00	0.6541644028048613	0.0004301075268818	1.0080039492209545	10.030157818925108	36.70071059837937	465	465	1.0	0	0	1		"{""converged"":465}"	91ffac26290b49edb979fdeebb077457	9538bc3988a709e3965ca9b1ec85ebee2af18a5cc697abada444f94657383f2b	/workspace/evaluation_results/cycle-100-valid.json	/workspace/evaluation_results/cycle-100-valid.json	0.6574843379747459	0.6545945103317431	/workspace/evaluation_results/cycle-99-train.json	/workspace/evaluation_results/cycle-99-valid.json	da72de95adf7415381ab4a0ccb074614	6660ad8b59f842f5bbf58120cd8ca66e	pyramidalisation of planar-start difluoroamine nitrogen centres (N with two fluorine neighbours added to the cycle-99 rule, textbook class angle 103 deg, same construction/side rule/guards)
2026-09-19T04:01:23Z	101	cf2439f9ee81bc0e65f361fad971390d682ad652	3ddd4df5afc80dac0650bb5b022b448daa8a7906	main-f59f2b89a-gfn2-v1	keep	1	train improvement >= 1e-4; valid improvement > 1e-4; both evaluations valid	2026-09-19T07:00:09+03:00	0.6512909040453745	0.0053938603686039	1.0033715995832362	2.8907169579469087	54.76918501406908	469	469	1.0	0	0	1		"{""converged"":469}"	61b40cc9bc40462eae8ba474e87ed17a	fe28fc6404e406a08ebb1255cfe1c839ef3e07cfd01d97f092669a4d4007f5a4	/workspace/evaluation_results/cycle-101-train.json	/workspace/evaluation_results/cycle-101-train.json	2026-09-19T07:01:11+03:00	0.6499488937971775	0.0042155090076838	1.0079088046488822	10.030157818925108	42.27717288956046	465	465	1.0	0	0	1		"{""converged"":465}"	0811ac7ebca8444bbf7760764f75b1af	fe28fc6404e406a08ebb1255cfe1c839ef3e07cfd01d97f092669a4d4007f5a4	/workspace/evaluation_results/cycle-101-valid.json	/workspace/evaluation_results/cycle-101-valid.json	0.6566847644139784	0.6541644028048613	/workspace/evaluation_results/cycle-100-train.json	/workspace/evaluation_results/cycle-100-valid.json	38d0374521ea47fbbafd489deec7d662	91ffac26290b49edb979fdeebb077457	surrogate docking of polyatomic-cation complexes from separated starts (no inter-fragment pair inside its UFF 12-6 minimum distance; cationic-centre charge on the surrounding hydrogens; anionic, bare-ion, open-shell complexes and cation contact starts untouched)
